{"er_conn":"Unable to use PDO or MySQLi","er_delete":"Unable to delete '%s'","er_exec":"The exec() function is not enabled in this PHP server","er_file":"The file: '%s' not exists","er_inc_pass":"Incorrect name or password.","er_json":"Invalid JSON format in the 'lang_' file.","er_open":"Unable to open the '%s' file","er_res_backup":"Unable to restore the SQL backup","er_saved":"Unable to create the ZIP archive: %s","er_sel_df":"Select Directory /Files for Backup","er_sel_file":"No file selected","er_sel_table":"No table selected","er_write":"The %s is not a writable directory","er_write_in":"Unable to write in: %s","er_zip":"ZipArchive not enabled in this server","msg_bmk":"Backup MySQL Database","msg_backup":"Backup","msg_bk_df":"Backup Directories /Files","msg_conn_db":"Connect to a Database","msg_conn_to":"Connected to Database: <span>%s</span>","msg_connect":"Connect to Database","msg_database":"Database","msg_del_file":"Delete File","msg_exclude_bk":"Exclude from Backup the Files with these extensions (separated by comma)","msg_files":"Files","msg_folders":"Folders","msg_get_file":"Get File","msg_loading":"Wait..<br>The script is working.<br> Processing may take several minutes.","msg_logout":"LogOut","msg_name":"Name","msg_nozip":"There is no ZIP archive with backup","msg_pass":"Password","msg_root":"Root","msg_restore_bk":"Restore Backup","msg_restore_bkdir":"To Restore Backup with Folders and Files \\n Unzip the archive using the Extract option in the FileManager from your hosting CPanel","msg_sel_all":"Select All","msg_sel_dir_bk":"Current Selected Folder","msg_select_all":"Select All (%s tables)","msg_select_tbles":"- Select the Tables to Backup","msg_send":"Send","msg_server":"MySQL Server","msg_show_files":"Show saved ZIP files","msg_user":"User Name","msg_when_del":"The file will be Deleted Without Posibility to Recover!","msg_zip_dirs":"- Archives with Folders/Files Backup","msg_zip_sql":"- Archives with SQL Backup","ok_res_backup":"The backup succesfully restored","ok_delete":"The file succesfully deleted","ok_saved":"The archive: %s succesfully saved"}